{"type": "block", "layer": 2, "block": 0, "features": [{"geom": {"pts": [[24013.819986866787, -16905.06812515296, 900.0]], "r": 605.0}, "mtl": 0}], "featureCount": 1, "startIndex": 0}