{"type": "block", "layer": 4, "block": 0, "features": [{"geom": {"pts": [[-16478.950942642987, 11420.728669389151, 0.0]], "r": 1090.0}, "mtl": 0}, {"geom": {"pts": [[6880.963766275439, -470.363127483055, 0.0]], "r": 1090.0}, "mtl": 0}], "featureCount": 2, "startIndex": 0}